Month,TWh,log_TWh,diff_TWh,sdiff_TWh
1993 Jan,11.673067,2.4572842223953373,NA,NA
1993 Feb,10.636402,2.364282268830488,-1.0366649999999993,NA
1993 Mar,11.377918,2.4316744594119952,0.741515999999999,NA
1993 Apr,9.426997,2.243577594179105,-1.9509209999999992,NA
1993 May,8.292378,2.115336779641609,-1.1346190000000007,NA
1993 Jun,8.112115,2.093358623276941,-0.18026300000000006,NA
1993 Jul,7.394606,2.000750815500642,-0.7175089999999997,NA
1993 Aug,8.067914,2.0878949606400123,0.6733080000000005,NA
1993 Sept,9.308581,2.2309366629161853,1.2406670000000002,NA
1993 Oct,10.674093,2.3678195906337747,1.365511999999999,NA
1993 Nov,11.913778,2.4776955454925167,1.2396850000000015,NA
1993 Dec,12.635875,2.5365399905199055,0.7220969999999998,NA
1994 Jan,12.358991,2.5143838143930766,-0.2768840000000008,0.685924
1994 Feb,11.369816,2.4309621246939446,-0.9891749999999995,0.7334139999999998
1994 Mar,10.131814,2.3156803742922825,-1.2380019999999998,-1.246103999999999
1994 Apr,8.258317,2.1112208137457844,-1.8734970000000004,-1.1686800000000002
1994 May,8.145214,2.097430515496458,-0.11310300000000062,-0.14716400000000007
1994 Jun,8.267441,2.1123250294709655,0.12222700000000053,0.15532600000000052
1994 Jul,7.104508,1.9607295121422306,-1.1629329999999998,-0.2900979999999995
1994 Aug,7.743224,2.0468181383416875,0.6387159999999996,-0.32469000000000037
1994 Sept,8.489197,2.1387944139890966,0.7459730000000011,-0.8193839999999994
1994 Oct,9.835215,2.285969312303657,1.346017999999999,-0.8388779999999993
1994 Nov,10.145951,2.317074709643382,0.31073600000000035,-1.7678270000000005
1994 Dec,10.957075,2.393985366339138,0.8111239999999995,-1.6788000000000007
1995 Jan,12.166565,2.4986916157210395,1.2094900000000006,-0.19242599999999932
1995 Feb,10.824208,2.3817851072396534,-1.3423569999999998,-0.5456079999999996
1995 Mar,11.4473,2.4377538943329418,0.6230919999999998,1.315486
1995 Apr,9.934022,2.2959654312991753,-1.5132779999999997,1.6757050000000007
1995 May,8.799962,2.1747474032930194,-1.1340599999999998,0.6547480000000014
1995 Jun,8.027187,2.0828341552528187,-0.7727750000000011,-0.2402540000000002
1995 Jul,7.951091,2.073309151955097,-0.07609599999999972,0.8465829999999999
1995 Aug,8.4605340000000009,2.1354122921934886,0.509443000000001,0.7173100000000012
1995 Sept,8.75036,2.169094842380322,0.2898259999999997,0.2611629999999998
1995 Oct,10.270142,2.3292408505245286,1.5197819999999993,0.43492700000000006
1995 Nov,12.325277,2.511652194321233,2.055135,2.1793259999999997
1995 Dec,13.527284,2.604708682933607,1.202007,2.570209
1996 Jan,13.572312,2.6080318351634992,0.04502800000000029,1.4057469999999999
1996 Feb,12.402827,2.5179244304975854,-1.1694849999999999,1.5786189999999998
1996 Mar,11.104426,2.407343767581862,-1.2984010000000001,-0.3428740000000001
1996 Apr,8.353576,2.122689710657191,-2.75085,-1.5804460000000002
1996 May,8.370847,2.1247550741246717,0.017270999999999148,-0.42911500000000125
1996 Jun,6.261011,1.8343416736694722,-2.1098359999999996,-1.7661759999999997
1996 Jul,5.563904,1.7163000201380854,-0.6971069999999999,-2.387187
1996 Aug,5.926422,1.779420658225802,0.3625179999999997,-2.5341120000000013
1996 Sept,6.101372,1.8085136639217838,0.17494999999999994,-2.648988000000001
1996 Oct,7.110925,1.961632333805963,1.0095530000000004,-3.159217
1996 Nov,9.062277,2.204120412981487,1.951352,-3.263
1996 Dec,10.085537,2.3111024173857073,1.0232600000000005,-3.4417469999999994
1997 Jan,9.846254,2.2870910782813474,-0.23928300000000036,-3.726058
1997 Feb,8.460885,2.1354537780759726,-1.3853690000000007,-3.941942000000001
1997 Mar,9.526318,2.2540582841435572,1.0654330000000005,-1.5781080000000003
1997 Apr,9.247383,2.2243405925763073,-0.2789350000000006,0.8938069999999989
1997 May,8.267072,2.1122803955588494,-0.9803109999999986,-0.10377499999999884
1997 Jun,7.628962,2.0319517941021097,-0.6381100000000011,1.3679509999999997
1997 Jul,7.356612,1.9955995006712497,-0.2723499999999994,1.7927080000000002
1997 Aug,7.786485,2.0523895385403046,0.4298729999999997,1.8600630000000002
1997 Sept,9.275641,2.227391716617607,1.4891560000000004,3.1742690000000007
1997 Oct,10.809934,2.3804655261745693,1.534293,3.699009
1997 Nov,10.988098,2.3968126870137865,0.17816400000000066,1.925821000000001
1997 Dec,11.727982,2.4619776103545776,0.739884,1.6424450000000004
1998 Jan,11.578402,2.4491414660766813,-0.14958000000000027,1.7321480000000005
1998 Feb,10.033614,2.3059408561173984,-1.5447880000000005,1.5727290000000007
1998 Mar,11.197273,2.415670266511602,1.1636589999999991,1.6709549999999993
1998 Apr,9.446834,2.2456796589167243,-1.7504389999999983,0.1994510000000016
1998 May,7.850461,2.060572256184656,-1.5963730000000007,-0.4166110000000005
1998 Jun,7.674283,2.037874868913883,-0.17617800000000017,0.04532100000000039
1998 Jul,7.301425,1.988069534583687,-0.3728579999999999,-0.0551870000000001
1998 Aug,9.004306,2.1977029073626144,1.7028809999999996,1.2178209999999998
1998 Sept,9.055841,2.203409963886199,0.05153499999999944,-0.2198000000000011
1998 Oct,10.561529,2.3572180594634804,1.505688000000001,-0.248405
1998 Nov,11.174763,2.413657932221047,0.6132340000000003,0.18666499999999964
1998 Dec,11.380161,2.4318715762255247,0.20539799999999886,-0.3478210000000015
1999 Jan,11.808954,2.4688580572774903,0.42879300000000065,0.23055199999999942
1999 Feb,10.852908,2.384433062509124,-0.9560460000000006,0.8192939999999993
1999 Mar,10.894268,2.3882367793565225,0.04136000000000095,-0.30300499999999886
1999 Apr,9.216899,2.2210386469391192,-1.6773690000000006,-0.2299350000000011
1999 May,8.74788,2.168811385299312,-0.4690189999999994,0.8974190000000002
1999 Jun,8.624444,2.1546004970714296,-0.12343599999999988,0.9501610000000005
1999 Jul,9.225922,2.2220171307318,0.6014780000000002,1.9244970000000006
1999 Aug,9.642892,2.2662210636314524,0.4169699999999992,0.6385860000000001
1999 Sept,8.819318,2.1769445427659866,-0.8235739999999989,-0.23652299999999826
1999 Oct,9.671022,2.269133991574551,0.8517039999999998,-0.8905069999999995
1999 Nov,11.243421,2.4197831575882143,1.572398999999999,0.06865799999999922
1999 Dec,13.084195,2.571405013264253,1.8407739999999997,1.704034
2000 Jan,13.231494,2.5825998969213653,0.1472990000000003,1.4225399999999997
2000 Feb,12.464006,2.522844970514669,-0.7674880000000002,1.6110980000000001
2000 Mar,13.868963,2.629653465850321,1.4049570000000013,2.9746950000000005
2000 Apr,11.544663,2.446223252254823,-2.324300000000001,2.327764
2000 May,11.249789,2.4203493729189858,-0.2948740000000001,2.5019089999999995
2000 Jun,10.746111,2.374543921678184,-0.503677999999999,2.1216670000000004
2000 Jul,10.050387,2.3076111412263782,-0.6957240000000002,0.824465
2000 Aug,10.723543,2.372441604769672,0.6731559999999988,1.0806509999999996
2000 Sept,11.108317,2.40769410702799,0.38477400000000017,2.2889989999999987
2000 Oct,11.799317,2.468041648440497,0.6910000000000007,2.1282949999999996
2000 Nov,12.05597,2.4895599729335736,0.256653,0.8125490000000006
2000 Dec,13.379999,2.593760979961664,1.3240289999999995,0.2958040000000004
2001 Jan,13.953339,2.635718834465285,0.57334,0.7218450000000001
2001 Feb,12.438032,2.520758875439282,-1.515307,-0.02597399999999972
2001 Mar,11.862929,2.4734183276656925,-0.5751030000000004,-2.0060340000000014
2001 Apr,9.225859,2.222010302122681,-2.6370699999999996,-2.318804
2001 May,7.855812,2.0612536400122554,-1.3700469999999996,-3.3939769999999996
2001 Jun,7.550779,2.0216507367463135,-0.3050329999999999,-3.1953320000000005
2001 Jul,6.824626,1.9205375410347303,-0.726153,-3.2257610000000003
2001 Aug,7.81438,2.055965626113359,0.9897539999999996,-2.9091629999999995
2001 Sept,7.634781,2.032714254565694,-0.17959899999999962,-3.4735359999999993
2001 Oct,9.870696,2.2895703676765287,2.2359150000000003,-1.9286209999999997
2001 Nov,12.357322,2.5142487618872646,2.4866259999999993,0.3013519999999996
2001 Dec,13.592813,2.6095411971776308,1.2354909999999997,0.21281399999999984
2002 Jan,13.429626,2.597463162046115,-0.16318699999999886,-0.523712999999999
2002 Feb,11.417989,2.4351900941504665,-2.0116370000000003,-1.0200429999999994
2002 Mar,11.743476,2.4632978523481133,0.32548699999999897,-0.11945300000000003
2002 Apr,9.653841,2.2673558672456173,-2.0896349999999995,0.4279820000000001
2002 May,9.520386,2.253435394199786,-0.13345499999999966,1.664574
2002 Jun,9.787842,2.2811410032351813,0.26745599999999925,2.237062999999999
2002 Jul,9.513106,2.2526704268091455,-0.274735999999999,2.68848
2002 Aug,9.708274,2.2729785116110963,0.1951679999999989,1.8938939999999995
2002 Sept,9.444404,2.245422396791987,-0.26386999999999894,1.8096230000000002
2002 Oct,11.743738,2.463320162358999,2.299334,1.8730419999999999
2002 Nov,11.904197,2.476891027012942,0.16045899999999946,-0.453125
2002 Dec,11.861532,2.4733005589204624,-0.04266499999999951,-1.7312809999999992
2003 Jan,10.91322,2.38997489837062,-0.9483119999999996,-2.516406
2003 Feb,9.724705,2.2746695548541878,-1.1885150000000007,-1.6932840000000002
2003 Mar,8.831255,2.178297133621807,-0.8934499999999996,-2.912220999999999
2003 Apr,7.349242,1.9945971786548577,-1.4820130000000002,-2.3045989999999996
2003 May,7.207886,1.9751757044207,-0.14135600000000004,-2.3125
2003 Jun,7.860257,2.0618193031075913,0.6523709999999996,-1.9275849999999997
2003 Jul,7.016462,1.9482591023887867,-0.8437950000000001,-2.4966440000000008
2003 Aug,7.71703,2.0434295749889673,0.7005680000000005,-1.9912439999999991
2003 Sept,8.443872,2.1334409711786173,0.7268420000000004,-1.0005319999999998
2003 Oct,10.738995,2.3738815092832715,2.2951229999999985,-1.0047430000000013
2003 Nov,9.871065,2.289607750359871,-0.8679299999999994,-2.033132
2003 Dec,10.426777,2.3443772087944454,0.5557119999999998,-1.434755000000001
2004 Jan,12.237794,2.5045290320828557,1.8110169999999997,1.3245739999999984
2004 Feb,10.629659,2.363648112817677,-1.608134999999999,0.904954
2004 Mar,10.467571,2.348282001787608,-0.16208800000000068,1.636315999999999
2004 Apr,7.798307,2.0539066588544563,-2.669263999999999,0.44906500000000005
2004 May,7.589671,2.0267882439594875,-0.20863600000000027,0.3817849999999998
2004 Jun,7.669888,2.037302012925744,0.0802170000000002,-0.19036899999999957
2004 Jul,6.192211,1.8232922119342347,-1.477677,-0.8242509999999994
2004 Aug,7.535347,2.01960488277657,1.3431359999999994,-0.18168300000000048
2004 Sept,7.948741,2.0730135513453405,0.41339400000000026,-0.49513100000000065
2004 Oct,9.162655,2.2151359838500375,1.2139140000000008,-1.5763399999999983
2004 Nov,10.613484,2.36212526818721,1.4508289999999988,0.7424189999999999
2004 Dec,11.434374,2.4366240817698417,0.8208900000000003,1.0075970000000005
2005 Jan,13.256254,2.58446944107527,1.8218800000000002,1.018460000000001
2005 Feb,13.277845,2.5860968567840366,0.021590999999999028,2.648185999999999
2005 Mar,13.539812,2.6056343826019144,0.2619670000000003,3.072241
2005 Apr,10.786894,2.378331878701829,-2.7529179999999993,2.988587
2005 May,9.827689,2.2852038098765974,-0.9592050000000008,2.2380179999999994
2005 Jun,9.492169,2.250467142881939,-0.33551999999999893,1.8222810000000003
2005 Jul,9.090615,2.2072425626664485,-0.40155400000000085,2.8984039999999993
2005 Aug,9.301139,2.23013686577827,0.2105239999999995,1.7657919999999994
2005 Sept,9.462646,2.2473520479708244,0.1615070000000003,1.5139049999999994
2005 Oct,11.152823,2.4116926497170064,1.6901770000000003,1.9901679999999988
2005 Nov,12.942343,2.560504339142789,1.7895199999999996,2.3288589999999996
2005 Dec,14.440518,2.670038005397452,1.4981750000000016,3.006144000000001
2006 Jan,14.638255,2.683638307439926,0.19773699999999828,1.382000999999999
2006 Feb,13.063644,2.569833104837586,-1.574610999999999,-0.2142009999999992
2006 Mar,13.495826,2.6023804524516048,0.4321819999999992,-0.0439860000000003
2006 Apr,9.446228,2.2456155083835596,-4.049598,-1.3406660000000006
2006 May,7.82144,2.056868680827444,-1.6247879999999997,-2.0062489999999995
2006 Jun,8.388455,2.126856355726834,0.5670150000000005,-1.103714
2006 Jul,7.856659,2.0613614524627377,-0.5317960000000008,-1.233956
2006 Aug,8.268969,2.1125098337911714,0.4123100000000006,-1.032169999999999
2006 Sept,7.784117,2.052085375603219,-0.48485200000000006,-1.6785289999999993
2006 Oct,8.434123,2.1322857390453906,0.6500059999999994,-2.7187
2006 Nov,10.005439,2.3031288451340526,1.5713160000000013,-2.9369039999999984
2006 Dec,10.601465,2.360992199115408,0.5960259999999984,-3.8390530000000016
2007 Jan,12.381771,2.516225310337094,1.7803060000000013,-2.2564839999999986
2007 Feb,12.782437,2.548072119346533,0.4006659999999993,-0.2812070000000002
2007 Mar,11.2891,2.423837658420706,-1.4933370000000004,-2.2067259999999997
2007 Apr,10.008806,2.303465305493338,-1.2802939999999996,0.5625780000000002
2007 May,10.322725,2.3343477755858455,0.3139190000000003,2.501285
2007 Jun,9.777408,2.2800744182450434,-0.5453170000000007,1.388952999999999
2007 Jul,10.223632,2.3247019032471696,0.44622400000000084,2.3669730000000007
2007 Aug,11.093546,2.40636349777422,0.8699139999999996,2.8245769999999997
2007 Sept,11.346769,2.428933033797805,0.2532230000000002,3.562652
2007 Oct,11.415115,2.434938354394437,0.06834600000000002,2.9809920000000005
2007 Nov,12.056842,2.4896322996286417,0.6417269999999995,2.0514029999999988
2007 Dec,12.590469,2.532940099149558,0.533627000000001,1.9890040000000013
2008 Jan,13.417638,2.596570110091417,0.8271689999999996,1.0358669999999996
2008 Feb,12.7459,2.5452096512627063,-0.6717379999999995,-0.036536999999999153
2008 Mar,13.445436,2.5986397176070875,0.6995360000000002,2.1563360000000014
2008 Apr,11.137187,2.410289689147254,-2.308249,1.128381000000001
2008 May,10.437667,2.3454210900489754,-0.6995200000000015,0.11494199999999921
2008 Jun,10.581569,2.35911371411174,0.14390200000000064,0.8041610000000006
2008 Jul,10.255988,2.3278617301308278,-0.3255809999999997,0.03235600000000005
2008 Aug,10.004402,2.30302519613445,-0.25158599999999964,-1.0891439999999992
2008 Sept,10.132009,2.3156996204138074,0.12760699999999936,-1.21476
2008 Oct,11.641715,2.4545947682200553,1.5097059999999995,0.22659999999999947
2008 Nov,12.647546,2.537463204259767,1.0058310000000006,0.5907040000000006
2008 Dec,14.074843,2.6443890194342345,1.4272969999999994,1.484373999999999
2009 Jan,13.796276,2.6243987006732636,-0.2785669999999989,0.3786380000000005
2009 Feb,12.015959,2.4862356828987804,-1.7803170000000001,-0.7299410000000002
2009 Mar,11.653,2.455563657591126,-0.36295900000000003,-1.7924360000000004
2009 Apr,9.05248,2.2030387533207807,-2.6005200000000013,-2.0847070000000016
2009 May,8.471635,2.1367235242737403,-0.5808450000000001,-1.9660320000000002
2009 Jun,7.641988,2.0336577787539123,-0.8296469999999996,-2.9395810000000004
2009 Jul,7.59977,2.0281179836764522,-0.0422179999999992,-2.656218
2009 Aug,9.151292,2.213895071505132,1.5515219999999994,-0.8531100000000009
2009 Sept,10.099918,2.3125273050023747,0.9486260000000009,-0.032090999999999426
2009 Oct,12.073913,2.491047174782596,1.9739949999999986,0.43219799999999964
2009 Nov,11.921648,2.4783559071144143,-0.15226499999999987,-0.7258980000000008
2009 Dec,13.591998,2.6094812372242404,1.670350000000001,-0.4828449999999993
2010 Jan,14.249365,2.6567123443182616,0.6573669999999989,0.4530889999999985
2010 Feb,12.082668,2.4917720290476373,-2.166696999999999,0.06670899999999946
2010 Mar,10.569953,2.3580153533254298,-1.512715,-1.0830470000000005
2010 Apr,8.107465,2.092785242199577,-2.4624880000000005,-0.9450149999999997
2010 May,7.05582,1.9538528081750177,-1.0516449999999997,-1.4158149999999994
2010 Jun,6.427624,1.8606049520760568,-0.628196,-1.2143639999999998
2010 Jul,7.441873,2.007122564473791,1.0142490000000004,-0.15789700000000018
2010 Aug,7.425687,2.0049452056610915,-0.016186000000000256,-1.7256049999999998
2010 Sept,8.609302,2.152843246628438,1.1836149999999996,-1.490616000000001
2010 Oct,10.963316,2.394554790503938,2.354014000000001,-1.1105969999999985
2010 Nov,11.643542,2.4547516915474423,0.6802259999999993,-0.2781059999999993
2010 Dec,13.365401,2.592669352881894,1.7218590000000003,-0.22659699999999994
2011 Jan,10.524386,2.3536950405745976,-2.8410150000000005,-3.7249789999999994
2011 Feb,9.865867,2.289081022080098,-0.6585190000000001,-2.2168010000000002
2011 Mar,9.369715,2.237482679565763,-0.49615200000000037,-1.2002380000000006
2011 Apr,7.793373,2.0532737571832187,-1.5763419999999995,-0.3140919999999996
2011 May,8.141646,2.0969923708747107,0.34827299999999983,1.085826
2011 Jun,9.015881,2.198987577892607,0.8742350000000005,2.5882570000000005
2011 Jul,10.228637,2.325191335505264,1.2127560000000006,2.7867640000000007
2011 Aug,10.125321,2.315039316193755,-0.1033160000000013,2.6996339999999996
2011 Sept,10.059072,2.3084749138957465,-0.06624899999999911,1.449770000000001
2011 Oct,11.748703,2.4637428515187954,1.6896310000000003,0.7853870000000001
2011 Nov,12.65139,2.5377670905599325,0.9026869999999985,1.0078479999999992
2011 Dec,12.555351,2.530146949208006,-0.09603899999999932,-0.8100500000000004
2012 Jan,15.006054,2.708453719677638,2.4507030000000007,4.481668000000001
2012 Feb,13.937887,2.63461081565099,-1.0681670000000008,4.07202
2012 Mar,12.413809,2.5188094820184173,-1.5240779999999994,3.044094000000001
2012 Apr,11.710654,2.4604990257512,-0.7031550000000006,3.917281
2012 May,10.808425,2.3803259226086877,-0.9022290000000002,2.666779
2012 Jun,10.120319,2.3145451851016503,-0.6881059999999994,1.104438
2012 Jul,10.012282,2.303812539373427,-0.1080369999999995,-0.21635500000000008
2012 Aug,10.684799,2.3688220771762984,0.6725169999999991,0.5594780000000004
2012 Sept,10.521127,2.353385330849199,-0.16367200000000004,0.46205499999999944
2012 Oct,11.765389,2.4651620858061136,1.2442620000000009,0.01668599999999998
2012 Nov,11.825234,2.4702357227657146,0.05984499999999926,-0.8261559999999992
2012 Dec,14.092365,2.645633161364111,2.267130999999999,1.5370139999999992
2013 Jan,14.148246,2.6495906588086955,0.05588100000000118,-0.8578080000000003
2013 Feb,12.093357,2.4926562935780137,-2.054889000000001,-1.8445300000000007
2013 Mar,11.950284,2.480755043785497,-0.14307299999999934,-0.46352500000000063
2013 Apr,9.127947,2.2113408062326636,-2.822336999999999,-2.582706999999999
2013 May,9.343219,2.2346508395446683,0.2152719999999988,-1.4652060000000002
2013 Jun,9.270084,2.226792441025382,-0.07313499999999884,-0.8502349999999996
2013 Jul,9.277607,2.227603647165547,0.007522999999999058,-0.7346750000000011
2013 Aug,9.726483,2.2748523714518116,0.4488760000000003,-0.958316
2013 Sept,9.469056,2.2480292190191484,-0.25742699999999985,-1.0520709999999998
2013 Oct,10.383643,2.3402317795556344,0.9145869999999992,-1.3817460000000015
2013 Nov,11.719841,2.461283217503939,1.3361980000000013,-0.1053929999999994
2013 Dec,12.512431,2.5267226301406196,0.7925899999999988,-1.5799339999999997
2014 Jan,14.072018,2.6441882865703117,1.5595870000000005,-0.0762280000000004
2014 Feb,11.343284,2.4286258507315153,-2.7287339999999993,-0.7500729999999987
2014 Mar,11.702699,2.4598194989609867,0.35941500000000026,-0.24758499999999906
2014 Apr,11.04696,2.402155276991033,-0.6557390000000005,1.9190129999999996
2014 May,11.035551,2.401121970496573,-0.011409000000000447,1.6923320000000004
2014 Jun,10.356319,2.337596864813872,-0.6792320000000007,1.0862349999999985
2014 Jul,9.811824,2.283588189015638,-0.5444949999999995,0.5342169999999999
2014 Aug,9.390051,2.239650724515326,-0.42177299999999995,-0.3364320000000003
2014 Sept,10.142671,2.316751375704924,0.7526200000000003,0.6736149999999999
2014 Oct,11.293424,2.424220609418818,1.150753,0.9097810000000006
2014 Nov,12.601738,2.5338347409530035,1.3083139999999993,0.8818969999999986
2014 Dec,13.839214,2.6275061566692877,1.237476000000001,1.3267830000000007
2015 Jan,14.174194,2.6514229873269928,0.33497999999999983,0.10217600000000004
2015 Feb,12.328923,2.511947965429327,-1.8452710000000003,0.985638999999999
2015 Mar,12.636833,2.536615803527396,0.3079099999999997,0.9341339999999985
2015 Apr,10.530859,2.3543098992669496,-2.105974,-0.5161010000000008
2015 May,10.453959,2.3469807583392854,-0.07690000000000019,-0.5815920000000006
2015 Jun,10.631017,2.36377586040217,0.1770580000000006,0.2746980000000008
2015 Jul,9.773733,2.2796984811022156,-0.8572839999999999,-0.03809099999999965
2015 Aug,10.273233,2.3295417747907043,0.4994999999999994,0.8831819999999997
2015 Sept,10.721754,2.3722747616614464,0.4485210000000013,0.5790830000000007
2015 Oct,11.496478,2.4420407275922016,0.7747239999999991,0.20305399999999985
2015 Nov,12.657293,2.5382335707878485,1.1608149999999995,0.05555500000000002
2015 Dec,13.335506,2.5904301021709175,0.6782130000000013,-0.5037079999999996
2016 Jan,15.834861,2.76221390192871,2.4993549999999995,1.6606670000000001
2016 Feb,13.608131,2.6106674817374067,-2.22673,1.2792080000000006
2016 Mar,13.856537,2.628757106842766,0.24840599999999924,1.2197040000000001
2016 Apr,11.257556,2.421039547642687,-2.598981,0.7266969999999997
2016 May,10.889267,2.3877776252212675,-0.368288999999999,0.4353080000000009
2016 Jun,10.660561,2.3665510439946162,-0.22870600000000074,0.02954399999999957
2016 Jul,9.952279,2.297801570169779,-0.7082819999999987,0.17854600000000076
2016 Aug,9.949918,2.2975643099305123,-0.0023610000000005016,-0.32331499999999913
2016 Sept,10.180388,2.320463124344978,0.2304700000000004,-0.541366
2016 Oct,11.648805,2.455203599643227,1.4684169999999988,0.15232699999999966
2016 Nov,12.652249,2.537834985932636,1.003444,-0.005043999999999826
2016 Dec,13.514754,2.603781977564972,0.8625050000000005,0.1792479999999994
2017 Jan,14.73733,2.690383730597637,1.222576,-1.097531
2017 Feb,12.667724,2.5390573412587525,-2.0696060000000003,-0.9404070000000004
2017 Mar,12.264196,2.5066841231769663,-0.40352799999999966,-1.5923409999999993
2017 Apr,11.058537,2.4032027088636063,-1.2056590000000007,-0.19901899999999983
2017 May,10.874084999999999,2.386382435503919,-0.18445200000000028,-0.015182000000001139
2017 Jun,10.671504,2.3675770113315706,-0.20258099999999857,0.010943000000001035
2017 Jul,10.189374,2.321345412570331,-0.4821299999999997,0.23709500000000006
2017 Aug,10.638498,2.3644793085351896,0.4491239999999994,0.68858
2017 Sept,10.827917,2.382127706410522,0.18941899999999912,0.6475289999999987
2017 Oct,11.748096,2.4636911849066636,0.920179000000001,0.0992910000000009
2017 Nov,13.106785,2.5731300350543314,1.358689,0.45453600000000094
2017 Dec,14.211921,2.654081119460528,1.105136,0.6971670000000003
2018 Jan,14.966904,2.705841363415395,0.7549829999999993,0.2295739999999995
2018 Feb,14.252555,2.656936188888264,-0.7143490000000003,1.5848309999999994
2018 Mar,13.477906,2.6010517521711694,-0.7746489999999984,1.2137100000000007
2018 Apr,10.037426,2.3063207068920306,-3.440480000000001,-1.0211109999999994
2018 May,9.757635,2.2780500554880687,-0.27979099999999946,-1.1164499999999986
2018 Jun,9.165049,2.215397227703999,-0.5925860000000007,-1.5064550000000008
2018 Jul,8.89667,2.185677049420415,-0.2683789999999995,-1.2927040000000005
2018 Aug,10.027285,2.3053098773950604,1.1306149999999988,-0.6112130000000011
2018 Sept,10.528726,2.3541073311719667,0.5014410000000016,-0.29919099999999865
2018 Oct,12.507962,2.5263654015353354,1.9792359999999984,0.7598659999999988
2018 Nov,12.932163,2.5597174641759572,0.42420100000000005,-0.17462200000000117
2018 Dec,12.96154,2.5619865110252347,0.02937700000000021,-1.2503810000000009
2019 Jan,13.880701,2.6304994581261245,0.9191610000000008,-1.0862029999999994
2019 Feb,10.991055,2.397081760168502,-2.889646000000001,-3.2615
2019 Mar,10.477292,2.349210248556088,-0.5137629999999991,-3.0006140000000006
2019 Apr,9.342332,2.2345558998770434,-1.1349599999999995,-0.6950939999999992
2019 May,9.168288,2.215750573091552,-0.1740440000000003,-0.5893470000000001
2019 Jun,8.84707,2.180086330756598,-0.321218,-0.31797899999999935
2019 Jul,9.233706,2.22286048472153,0.3866359999999993,0.33703599999999945
2019 Aug,9.511438,2.2524950743797496,0.2777320000000003,-0.5158469999999991
2019 Sept,10.178611,2.3202885578051875,0.667173,-0.3501150000000006
2019 Oct,10.800207,2.3795653006131623,0.6215960000000003,-1.7077549999999988
2019 Nov,12.075504,2.491178937798018,1.2752970000000001,-0.8566589999999987
2019 Dec,11.289732,2.4238936400587434,-0.7857719999999997,-1.6718079999999986
2020 Jan,12.018612,2.486456448229751,0.7288799999999984,-1.862089000000001
2020 Feb,11.806306,2.4686337955068303,-0.21230599999999988,0.815251
2020 Mar,13.010776,2.565777937171463,1.2044700000000006,2.5334839999999996
2020 Apr,11.616762,2.4524490551044624,-1.3940140000000003,2.274429999999999
2020 May,11.282754,2.4232753652065817,-0.334007999999999,2.114466
2020 Jun,9.996063,2.3021913154738534,-1.2866910000000011,1.148992999999999
2020 Jul,10.451675,2.346762252647558,0.45561200000000035,1.217969
2020 Aug,10.838474,2.383102211194034,0.3867989999999999,1.3270359999999997
2020 Sept,10.993018,2.397260344001008,0.15454399999999957,0.8144069999999992
2020 Oct,12.907317,2.5577943598675588,1.9142990000000015,2.1071100000000005
2020 Nov,11.950535,2.4807760472498557,-0.9567820000000005,-0.12496900000000011
2020 Dec,14.720967,2.6892728040778264,2.7704319999999996,3.431234999999999
2021 Jan,16.448465,2.800232159787537,1.7274979999999989,4.429853
2021 Feb,13.172264,2.578113406827694,-3.2762009999999986,1.365958000000001
2021 Mar,12.382899,2.5163164078563245,-0.7893650000000001,-0.6278769999999998
2021 Apr,11.375507,2.431462535272309,-1.0073919999999994,-0.2412549999999989
2021 May,11.396142,2.433274877070491,0.020634999999998627,0.11338799999999871
2021 Jun,10.671115,2.3675405584482534,-0.725026999999999,0.6750520000000009
2021 Jul,10.211586,2.323522958016907,-0.45952899999999985,-0.24008899999999933
2021 Aug,9.657246,2.267708514409942,-0.5543399999999998,-1.181227999999999
2021 Sept,10.126089,2.3151151627644744,0.4688429999999997,-0.866928999999999
2021 Oct,10.743083,2.374262105615651,0.616994,-2.1642340000000004
2021 Nov,13.011644,2.5658446488762405,2.268561,1.061109
2021 Dec,14.473978,2.6723524164759436,1.4623340000000002,-0.24698899999999924
2022 Jan,13.174587,2.578289746687514,-1.299391,-3.273877999999998
2022 Feb,11.278236,2.4228748508620965,-1.896351000000001,-1.8940280000000005
2022 Mar,13.058651,2.5694508260170763,1.7804149999999996,0.6757519999999992
2022 Apr,10.135314,2.316025761170462,-2.923337,-1.2401930000000014
2022 May,9.492477,2.250499590155386,-0.6428370000000001,-1.9036650000000002
2022 Jun,10.543848,2.355542561874756,1.0513710000000014,-0.1272669999999998
2022 Jul,9.421451,2.242989110696534,-1.1223970000000012,-0.7901350000000011
2022 Aug,9.357103,2.2361357340348365,-0.06434799999999896,-0.30014300000000027
2022 Sept,7.35229,1.9950118293244168,-2.0048130000000004,-2.7737990000000003
2022 Oct,9.369387,2.237447672552083,2.0170969999999997,-1.3736960000000007
2022 Nov,12.364093,2.514796546079174,2.9947060000000008,-0.647551
2022 Dec,13.189657,2.5794329618421985,0.825564,-1.2843210000000003
2023 Jan,12.247275,2.5053034632657,-0.9423820000000003,-0.9273120000000006
2023 Feb,12.043602,2.488533564573639,-0.20367300000000021,0.7653660000000002
2023 Mar,12.830945,2.551859831410046,0.7873429999999999,-0.22770599999999952
2023 Apr,10.648862,2.3654530319859957,-2.1820830000000004,0.5135480000000001
2023 May,9.830063,2.2854453430907253,-0.8187989999999985,0.3375860000000017
2023 Jun,10.444315,2.3460578112399615,0.6142519999999987,-0.09953300000000098
2023 Jul,10.596552,2.360528665183157,0.1522370000000013,1.1751010000000015
2023 Aug,11.225697,2.4182055252417967,0.6291449999999994,1.8685939999999999
2023 Sept,10.707186,2.3709151048380774,-0.5185110000000002,3.354896
2023 Oct,11.775274,2.466001909270813,1.0680879999999995,2.405887
2023 Nov,12.71621,2.5428775575394327,0.9409360000000007,0.3521169999999998
2023 Dec,12.26171,2.506481398759078,-0.45449999999999946,-0.9279469999999996
2024 Jan,13.718032,2.618711171775969,1.4563219999999983,1.470756999999999
2024 Feb,12.575597,2.531758190007999,-1.142434999999999,0.5319950000000002
2024 Mar,12.941225,2.560417952289114,0.3656279999999992,0.11027999999999949
2024 Apr,11.129878,2.409633203861699,-1.8113469999999996,0.48101600000000033
2024 May,10.74102,2.3740700566381965,-0.38885799999999904,0.9109569999999998
2024 Jun,10.124506,2.3149588216788692,-0.6165140000000005,-0.31980899999999934
2024 Jul,10.194309,2.321829623406657,0.06980300000000028,-0.40224300000000035
2024 Aug,9.746939,2.276953286999591,-0.44737000000000116,-1.478758000000001
2024 Sept,10.418989,2.3436300066659803,0.6720500000000005,-0.28819700000000026
2024 Oct,11.283463,2.4233382025000663,0.8644739999999995,-0.4918110000000002
2024 Nov,13.217189,2.5815181794388824,1.933726,0.5009789999999992
2024 Dec,13.923035,2.633544662750032,0.7058460000000011,1.6613249999999997
2025 Jan,15.778874,2.7586719567247355,1.8558389999999996,2.060842000000001
2025 Feb,14.49609,2.6738789578906217,-1.2827839999999995,1.9204930000000004
2025 Mar,13.399395,2.595209556683876,-1.0966950000000004,0.45817000000000085
2025 Apr,11.809036,2.468865001136811,-1.5903589999999994,0.679158000000001
2025 May,10.462259,2.3477744009027415,-1.3467770000000012,-0.27876100000000115
2025 Jun,9.770412,2.279358635073447,-0.6918469999999992,-0.3540939999999999
2025 Jul,10.809205,2.380398085930971,1.038793,0.6148959999999999
2025 Aug,9.943766,2.296945822153577,-0.8654390000000003,0.19682700000000075
2025 Sept,10.217482,2.3241001747713574,0.2737160000000003,-0.20150699999999944
2025 Oct,11.531859,2.445113552854373,1.3143770000000004,0.2483960000000014
2025 Nov,13.392061,2.5946620686949298,1.8602019999999992,0.17487200000000058
2025 Dec,13.86375,2.629277519936814,0.4716889999999996,-0.05928500000000092
2026 Jan,16.002328,2.772734211655683,2.138577999999999,0.2234539999999985
2026 Feb,12.12717,2.495448389882658,-3.875157999999999,-2.368920000000001
2026 Mar,10.655649,2.366090174066337,-1.4715209999999992,-2.743746
