"Month","fill_rate_mean","energy_TWh_mean","capacity_TWh"
1995 Jan,0.558810516,48.861039,87.43758
1995 Feb,0.441916435,38.64010225,87.43758
1995 Mar,0.3345650625,29.25355875,87.43758
1995 Apr,0.242037575,21.1631795,87.43758
1995 May,0.261606932,22.874276,87.43758
1995 Jun,0.5876810625,51.385408,87.43758
1995 Jul,0.795840244,69.586342,87.43758
1995 Aug,0.8785342225,76.816905,87.43758
1995 Sept,0.8812877575,77.0576675,87.43758
1995 Oct,0.941049318,82.283074,87.43758
1995 Nov,0.89393769,78.1637475,87.43758
1995 Dec,0.7824614075,68.41653225,87.43758
1996 Jan,0.63289048,55.3384116,87.43758
1996 Feb,0.473888725,41.4356825,87.43758
1996 Mar,0.3511646475,30.70498525,87.43758
1996 Apr,0.265354484,23.2019538,87.43758
1996 May,0.2776506125,24.27709675,87.43758
1996 Jun,0.41167752,35.9960855,87.43758
1996 Jul,0.530983448,46.4279072,87.43758
1996 Aug,0.58194239,50.88363475,87.43758
1996 Sept,0.595152988,52.0387352,87.43758
1996 Oct,0.640697025,56.020996,87.43758
1996 Nov,0.6499659275,56.8314465,87.43758
1996 Dec,0.559864198,48.9531702,87.43758
1997 Jan,0.4525016425,39.56564825,87.43758
1997 Feb,0.389984865,34.099331,87.43758
1997 Mar,0.32310981,28.2519384,87.43758
1997 Apr,0.2562699875,22.4076275,87.43758
1997 May,0.2654295525,23.208517,87.43758
1997 Jun,0.519775928,45.4479476,87.43758
1997 Jul,0.7492969375,65.5167085,87.43758
1997 Aug,0.80751279,70.6069625,87.43758
1997 Sept,0.87744488,76.7216552,87.43758
1997 Oct,0.8895029675,77.775985,87.43758
1997 Nov,0.82745954,72.3510575,87.43758
1997 Dec,0.72116165,63.056625,87.43758
1998 Jan,0.6201467625,54.224133,87.43758
1998 Feb,0.54424875,47.58779325,87.43758
1998 Mar,0.47098174,41.1815022,87.43758
1998 Apr,0.4068036,35.56992275,87.43758
1998 May,0.491129555,42.943179,87.43758
1998 Jun,0.662465354,57.9243674,87.43758
1998 Jul,0.8404906575,73.49046775,87.43758
1998 Aug,0.91063414,79.6236448,87.43758
1998 Sept,0.920322655,80.47078,87.43758
1998 Oct,0.8947264425,78.23271125,87.43758
1998 Nov,0.829075298,72.4923378,87.43758
1998 Dec,0.7334060875,64.1272555,87.43758
1999 Jan,0.64996145,56.83105475,87.43758
1999 Feb,0.5593111325,48.9048115,87.43758
1999 Mar,0.452252174,39.5438346,87.43758
1999 Apr,0.417168785,36.4762275,87.43758
1999 May,0.465910956,40.7381246,87.43758
1999 Jun,0.7224700225,63.1710285,87.43758
1999 Jul,0.87064015,76.1266675,87.43758
1999 Aug,0.888724528,77.7079208,87.43758
1999 Sept,0.892090245,78.0022125,87.43758
1999 Oct,0.8931699,78.09661,87.43758
1999 Nov,0.89162081,77.961166,87.43758
1999 Dec,0.8207243125,71.762145,87.43758
2000 Jan,0.718245412,62.8016416,87.43758
2000 Feb,0.604732905,52.87638,87.43758
2000 Mar,0.491409495,42.96765825,87.43758
2000 Apr,0.40053268,35.021606,87.43758
2000 May,0.554381312,48.4737584,87.43758
2000 Jun,0.7281681225,63.66925475,87.43758
2000 Jul,0.8837892,77.2763872,87.43758
2000 Aug,0.9347202375,81.7296725,87.43758
2000 Sept,0.9391320775,82.11543375,87.43758
2000 Oct,0.931256334,81.426801,87.43758
2000 Nov,0.8909962525,77.906551,87.43758
2000 Dec,0.829287085,72.51085475,87.43758
2001 Jan,0.696433044,60.8944196,87.43758
2001 Feb,0.5552429525,48.5490995,87.43758
2001 Mar,0.4400737325,38.478979,87.43758
2001 Apr,0.344437414,30.1167732,87.43758
2001 May,0.4067894275,35.5686825,87.43758
2001 Jun,0.561122825,49.063219,87.43758
2001 Jul,0.724260684,63.327601,87.43758
2001 Aug,0.80244351,70.1637175,87.43758
2001 Sept,0.8202090825,71.717095,87.43758
2001 Oct,0.866528726,75.7671742,87.43758
2001 Nov,0.84807841,74.15392025,87.43758
2001 Dec,0.743574688,65.0163692,87.43758
2002 Jan,0.636552665,55.65862275,87.43758
2002 Feb,0.55009594,48.09905725,87.43758
2002 Mar,0.449147535,39.27237325,87.43758
2002 Apr,0.395759866,34.6042826,87.43758
2002 May,0.5410633675,47.309271,87.43758
2002 Jun,0.7559239075,66.096155,87.43758
2002 Jul,0.862589718,75.422755,87.43758
2002 Aug,0.860680095,75.25578375,87.43758
2002 Sept,0.829781372,72.554074,87.43758
2002 Oct,0.75012575,65.5891765,87.43758
2002 Nov,0.6506671875,56.8927625,87.43758
2002 Dec,0.5234281,45.7672856,87.43758
2003 Jan,0.41343188,36.14948075,87.43758
2003 Feb,0.3246786325,28.38911375,87.43758
2003 Mar,0.235101054,20.5566662,87.43758
2003 Apr,0.1867701825,16.33073225,87.43758
2003 May,0.26519454,23.187968,87.43758
2003 Jun,0.514283288,44.9676842,87.43758
2003 Jul,0.638409225,55.82095575,87.43758
2003 Aug,0.673623865,58.9000415,87.43758
2003 Sept,0.70877332,61.9734214,87.43758
2003 Oct,0.704585825,61.607278,87.43758
2003 Nov,0.6464772375,56.5264035,87.43758
2003 Dec,0.5779398,50.5336572,87.43758
2004 Jan,0.4824702325,42.1860285,87.43758
2004 Feb,0.39456899,34.500157,87.43758
2004 Mar,0.294589852,25.7582238,87.43758
2004 Apr,0.26800724,23.4339035,87.43758
2004 May,0.456636024,39.927147,87.43758
2004 Jun,0.56842785,49.70195475,87.43758
2004 Jul,0.6621942325,57.90065875,87.43758
2004 Aug,0.70295281,61.464493,87.43758
2004 Sept,0.765763225,66.9564865,87.43758
2004 Oct,0.7963012725,69.62665375,87.43758
2004 Nov,0.77171688,67.477053,87.43758
2004 Dec,0.72261159,63.183406,87.43758
2005 Jan,0.664282186,58.0832238,87.43758
2005 Feb,0.53191282,46.50917025,87.43758
2005 Mar,0.401974735,35.1476975,87.43758
2005 Apr,0.32841887,28.71615075,87.43758
2005 May,0.3547262,31.0164002,87.43758
2005 Jun,0.5662544475,49.511918,87.43758
2005 Jul,0.766822485,67.049103,87.43758
2005 Aug,0.827778864,72.37898,87.43758
2005 Sept,0.87984315,76.9313575,87.43758
2005 Oct,0.8856253,77.4369318,87.43758
2005 Nov,0.9027382925,78.93325,87.43758
2005 Dec,0.8107415325,70.88927875,87.43758
2006 Jan,0.675944168,59.1029206,87.43758
2006 Feb,0.533087065,46.6118425,87.43758
2006 Mar,0.3997948525,34.957094,87.43758
2006 Apr,0.3065380175,26.80294175,87.43758
2006 May,0.391494988,34.2313738,87.43758
2006 Jun,0.53320725,46.6223505,87.43758
2006 Jul,0.600182734,52.4785256,87.43758
2006 Aug,0.5944205,51.974689,87.43758
2006 Sept,0.6174542,53.98869875,87.43758
2006 Oct,0.641882538,56.1246552,87.43758
2006 Nov,0.66051718,57.754022,87.43758
2006 Dec,0.6742798025,58.95739275,87.43758
2007 Jan,0.63003271,55.0885356,87.43758
2007 Feb,0.50934914,44.53625375,87.43758
2007 Mar,0.4169328325,36.45559825,87.43758
2007 Apr,0.376260752,32.8993292,87.43758
2007 May,0.471626365,41.2378675,87.43758
2007 Jun,0.673113985,58.855455,87.43758
2007 Jul,0.86708596,75.815898,87.43758
2007 Aug,0.93137621,81.4372825,87.43758
2007 Sept,0.935602325,81.80680125,87.43758
2007 Oct,0.9197607,80.421653,87.43758
2007 Nov,0.8798243625,76.9297125,87.43758
2007 Dec,0.78559769,68.6907592,87.43758
2008 Jan,0.68314936,59.73292475,87.43758
2008 Feb,0.588772625,51.4808535,87.43758
2008 Mar,0.475555278,41.5814008,87.43758
2008 Apr,0.3812438,33.3350345,87.43758
2008 May,0.5118820275,44.75772375,87.43758
2008 Jun,0.719872894,62.9439416,87.43758
2008 Jul,0.8360759825,73.10446,87.43758
2008 Aug,0.8615266025,75.3297975,87.43758
2008 Sept,0.839965224,73.444526,87.43758
2008 Oct,0.8426949825,73.6832065,87.43758
2008 Nov,0.8120048625,70.9997335,87.43758
2008 Dec,0.70187288,61.3700648,87.43758
2009 Jan,0.5864506375,51.277823,87.43758
2009 Feb,0.467750065,40.8989325,87.43758
2009 Mar,0.344825942,30.1507452,87.43758
2009 Apr,0.318006335,27.805704,87.43758
2009 May,0.422871575,36.97486575,87.43758
2009 Jun,0.565243566,49.423529,87.43758
2009 Jul,0.715298325,62.543953,87.43758
2009 Aug,0.811247656,70.933529,87.43758
2009 Sept,0.88003205,76.94787275,87.43758
2009 Oct,0.8554154625,74.795457,87.43758
2009 Nov,0.78570472,68.70012,87.43758
2009 Dec,0.68820219,60.17473275,87.43758
2010 Jan,0.5556451975,48.5842685,87.43758
2010 Feb,0.421954165,36.89465125,87.43758
2010 Mar,0.302123494,26.4169466,87.43758
2010 Apr,0.2360319425,20.63806125,87.43758
2010 May,0.317602352,27.77038,87.43758
2010 Jun,0.501107365,43.81561375,87.43758
2010 Jul,0.5996042075,52.42794025,87.43758
2010 Aug,0.661592588,57.8480536,87.43758
2010 Sept,0.678504175,59.32676125,87.43758
2010 Oct,0.69819612,61.04857775,87.43758
2010 Nov,0.635016704,55.5243218,87.43758
2010 Dec,0.49722489,43.47614,87.43758
2011 Jan,0.385344838,33.6936184,87.43758
2011 Feb,0.284685345,24.89219725,87.43758
2011 Mar,0.20180094,17.644986,87.43758
2011 Apr,0.2198070225,19.2193935,87.43758
2011 May,0.34685361,30.32804,87.43758
2011 Jun,0.60263735,52.693151,87.43758
2011 Jul,0.740864275,64.77937925,87.43758
2011 Aug,0.78262838,68.4311272,87.43758
2011 Sept,0.8436548175,73.76713625,87.43758
2011 Oct,0.875989096,76.5943658,87.43758
2011 Nov,0.8598283875,75.1813125,87.43758
2011 Dec,0.8140279725,71.17663025,87.43758
2012 Jan,0.721493194,63.0856176,87.43758
2012 Feb,0.573321165,50.129814,87.43758
2012 Mar,0.5077760475,44.39870725,87.43758
2012 Apr,0.445215436,38.9285594,87.43758
2012 May,0.44884788,39.24616875,87.43758
2012 Jun,0.6036141825,52.77856125,87.43758
2012 Jul,0.816740328,71.413796,87.43758
2012 Aug,0.87641058,76.63122,87.43758
2012 Sept,0.91386924,79.906515,87.43758
2012 Oct,0.895471148,78.2978308,87.43758
2012 Nov,0.84688576,74.0496415,87.43758
2012 Dec,0.732804588,64.0746588,87.43758
2013 Jan,0.6040860375,52.819821,87.43758
2013 Feb,0.4762684575,41.64375925,87.43758
2013 Mar,0.3578653625,31.29088025,87.43758
2013 Apr,0.263068174,23.0020438,87.43758
2013 May,0.403640555,35.293353,87.43758
2013 Jun,0.6282809025,54.935361,87.43758
2013 Jul,0.726785124,63.5483302,87.43758
2013 Aug,0.7700465025,67.331,87.43758
2013 Sept,0.766770192,67.044528,87.43758
2013 Oct,0.760478875,66.49443225,87.43758
2013 Nov,0.74433276,65.0826545,87.43758
2013 Dec,0.68885402,60.2317278,87.43758
2014 Jan,0.6046226,52.8667365,87.43758
2014 Feb,0.4924223175,43.056214,87.43758
2014 Mar,0.407297146,35.6130768,87.43758
2014 Apr,0.3474218375,30.3777245,87.43758
2014 May,0.4190649625,36.642026,87.43758
2014 Jun,0.66733921,58.3505246,87.43758
2014 Jul,0.7831275275,68.474774,87.43758
2014 Aug,0.80692525,70.5555875,87.43758
2014 Sept,0.79254546,69.298255,87.43758
2014 Oct,0.811052175,70.9164365,87.43758
2014 Nov,0.8147829,71.2426435,87.43758
2014 Dec,0.713556198,62.3916238,87.43758
2015 Jan,0.6115203025,53.46985225,87.43758
2015 Feb,0.5002617925,43.7416795,87.43758
2015 Mar,0.39993721,34.9695402,87.43758
2015 Apr,0.31565488,27.60009875,87.43758
2015 May,0.3321915,29.04602,87.43758
2015 Jun,0.477019038,41.709389,87.43758
2015 Jul,0.72322656,63.2371785,87.43758
2015 Aug,0.864085648,75.553557,87.43758
2015 Sept,0.9211674175,80.54464975,87.43758
2015 Oct,0.897981475,78.5173225,87.43758
2015 Nov,0.86157938,75.3344118,87.43758
2015 Dec,0.837023755,73.187331,87.43758
2016 Jan,0.733819865,64.16343,87.43758
2016 Feb,0.60712671,53.0856896,87.43758
2016 Mar,0.4665466,40.79370375,87.43758
2016 Apr,0.389121295,34.0238235,87.43758
2016 May,0.441356354,38.5911292,87.43758
2016 Jun,0.649268235,56.77044025,87.43758
2016 Jul,0.750113535,65.5881115,87.43758
2016 Aug,0.817266368,71.459792,87.43758
2016 Sept,0.846589085,74.0237025,87.43758
2016 Oct,0.809272534,70.760829,87.43758
2016 Nov,0.7161244825,62.61618975,87.43758
2016 Dec,0.6652414,58.167098,87.43758
2017 Jan,0.586742164,51.303314,87.43758
2017 Feb,0.46433594,40.600412,87.43758
2017 Mar,0.3690357075,32.267588,87.43758
2017 Apr,0.321187985,28.083899,87.43758
2017 May,0.36160751,31.6180854,87.43758
2017 Jun,0.6293190275,55.0261315,87.43758
2017 Jul,0.7371624,64.4556924,87.43758
2017 Aug,0.807855865,70.636961,87.43758
2017 Sept,0.82790331,72.3898625,87.43758
2017 Oct,0.86182472,75.355867,87.43758
2017 Nov,0.8208901425,71.7766485,87.43758
2017 Dec,0.747618585,65.3699565,87.43758
2018 Jan,0.630659836,55.1433696,87.43758
2018 Feb,0.475831745,41.6055755,87.43758
2018 Mar,0.3356157775,29.3454295,87.43758
2018 Apr,0.264968478,23.1682022,87.43758
2018 May,0.47473435,41.509621,87.43758
2018 Jun,0.5995189075,52.42048175,87.43758
2018 Jul,0.607743214,53.1395942,87.43758
2018 Aug,0.648607495,56.71266875,87.43758
2018 Sept,0.71600675,62.60589375,87.43758
2018 Oct,0.799703028,69.9240924,87.43758
2018 Nov,0.773297715,67.61527725,87.43758
2018 Dec,0.665921426,58.2265564,87.43758
2019 Jan,0.556114425,48.62529925,87.43758
2019 Feb,0.448590305,39.22365125,87.43758
2019 Mar,0.3770823875,32.97117125,87.43758
2019 Apr,0.34759955,30.3932628,87.43758
2019 May,0.4630138875,40.48481375,87.43758
2019 Jun,0.6600558625,57.713686,87.43758
2019 Jul,0.730218736,63.8485558,87.43758
2019 Aug,0.7636710025,66.773541,87.43758
2019 Sept,0.816004604,71.3494674,87.43758
2019 Oct,0.808170905,70.66450625,87.43758
2019 Nov,0.7347009075,64.24046875,87.43758
2019 Dec,0.656195202,57.3761208,87.43758
2020 Jan,0.62330431,54.50021825,87.43758
2020 Feb,0.5584754975,48.83174375,87.43758
2020 Mar,0.452982406,39.6076842,87.43758
2020 Apr,0.3643882725,31.86122825,87.43758
2020 May,0.331164935,28.9562595,87.43758
2020 Jun,0.637038922,55.7011394,87.43758
2020 Jul,0.8509292475,74.403194,87.43758
2020 Aug,0.911786478,79.724401,87.43758
2020 Sept,0.9357311725,81.8180685,87.43758
2020 Oct,0.93541161,81.790125,87.43758
2020 Nov,0.94208081,82.373263,87.43758
2020 Dec,0.8591325375,75.12046875,87.43758
2021 Jan,0.726973685,63.5648205,87.43758
2021 Feb,0.5848411,51.1370905,87.43758
2021 Mar,0.482542444,42.192341,87.43758
2021 Apr,0.4065428175,35.54711875,87.43758
2021 May,0.43425729,37.9704062,87.43758
2021 Jun,0.63448141,55.47751925,87.43758
2021 Jul,0.68708947,60.0774395,87.43758
2021 Aug,0.674049424,58.9372494,87.43758
2021 Sept,0.639965845,55.9570645,87.43758
2021 Oct,0.684645965,59.86378575,87.43758
2021 Nov,0.698292894,61.0570386,87.43758
2021 Dec,0.589986675,51.5870065,87.43758
2022 Jan,0.501003624,43.8065438,87.43758
2022 Feb,0.409830535,35.834589,87.43758
2022 Mar,0.3022988725,26.432281,87.43758
2022 Apr,0.2254265,19.7107475,87.43758
2022 May,0.279412782,24.4311774,87.43758
2022 Jun,0.5114057975,44.7160845,87.43758
2022 Jul,0.6453095,56.42429875,87.43758
2022 Aug,0.68537982,59.927951,87.43758
2022 Sept,0.68177841,59.61305375,87.43758
2022 Oct,0.758248626,66.2994252,87.43758
2022 Nov,0.7896863975,69.0482675,87.43758
2022 Dec,0.677382165,59.22865525,87.43758
2023 Jan,0.586455906,51.2782842,87.43758
2023 Feb,0.4797979075,41.952367,87.43758
2023 Mar,0.371621225,32.49365925,87.43758
2023 Apr,0.2916712925,25.5030315,87.43758
2023 May,0.350892234,30.6811666,87.43758
2023 Jun,0.5827300375,50.9525035,87.43758
2023 Jul,0.71834083,62.809982,87.43758
2023 Aug,0.7857151275,68.7010265,87.43758
2023 Sept,0.8128077825,71.069944,87.43758
2023 Oct,0.847095602,74.0679884,87.43758
2023 Nov,0.7489101125,65.4828875,87.43758
2023 Dec,0.64693525,56.5664505,87.43758
2024 Jan,0.539201414,47.1464662,87.43758
2024 Feb,0.4258372325,37.234175,87.43758
2024 Mar,0.3171013025,27.72656975,87.43758
2024 Apr,0.268909964,23.5128358,87.43758
2024 May,0.442500145,38.69114125,87.43758
2024 Jun,0.649932835,56.828553,87.43758
2024 Jul,0.726725598,63.5431266,87.43758
2024 Aug,0.786311885,68.7532075,87.43758
2024 Sept,0.827739844,72.3755652,87.43758
2024 Oct,0.8412528875,73.55711625,87.43758
2024 Nov,0.851762135,74.476016,87.43758
2024 Dec,0.793684098,69.3978158,87.43758
2025 Jan,0.709601915,62.045875,87.43758
2025 Feb,0.5906123875,51.64171675,87.43758
2025 Mar,0.512841034,44.8415776,87.43758
2025 Apr,0.479480995,41.92465675,87.43758
2025 May,0.5183581275,45.32398,87.43758
2025 Jun,0.637703184,55.7592212,87.43758
2025 Jul,0.7173551125,62.72379325,87.43758
2025 Aug,0.75452454,65.973801,87.43758
2025 Sept,0.788610562,68.9542,87.43758
2025 Oct,0.8077809775,70.6304105,87.43758
2025 Nov,0.788183185,68.91683125,87.43758
2025 Dec,0.72721948,63.5863104,87.43758
2026 Jan,0.60194642,52.632738,87.43758
2026 Feb,0.4631356875,40.49546175,87.43758
2026 Mar,0.368489742,32.2198508,87.43758
2026 Apr,0.3249519725,28.4130135,87.43758
2026 May,0.324362175,28.361442,87.43758
